-- phpMyAdmin SQL Dump
-- version 4.0.4
-- http://www.phpmyadmin.net
--
-- Host: localhost
-- Generation Time: Sep 13, 2016 at 11:00 AM
-- Server version: 5.6.12-log
-- PHP Version: 5.4.12

SET SQL_MODE = "NO_AUTO_VALUE_ON_ZERO";
SET time_zone = "+00:00";


/*!40101 SET @OLD_CHARACTER_SET_CLIENT=@@CHARACTER_SET_CLIENT */;
/*!40101 SET @OLD_CHARACTER_SET_RESULTS=@@CHARACTER_SET_RESULTS */;
/*!40101 SET @OLD_COLLATION_CONNECTION=@@COLLATION_CONNECTION */;
/*!40101 SET NAMES utf8 */;

--
-- Database: `school`
--
CREATE DATABASE IF NOT EXISTS `school` DEFAULT CHARACTER SET utf8 COLLATE utf8_general_ci;
USE `school`;

-- --------------------------------------------------------

--
-- Table structure for table `aca_key`
--

CREATE TABLE IF NOT EXISTS `aca_key` (
  `sno` int(250) NOT NULL AUTO_INCREMENT,
  `current_id` int(200) NOT NULL,
  `key_sub` int(50) NOT NULL,
  PRIMARY KEY (`sno`)
) ENGINE=InnoDB  DEFAULT CHARSET=utf8 AUTO_INCREMENT=7 ;

--
-- Dumping data for table `aca_key`
--

INSERT INTO `aca_key` (`sno`, `current_id`, `key_sub`) VALUES
(1, 2, 601),
(2, 3, 601),
(3, 2, 606),
(4, 3, 606),
(5, 2, 608),
(6, 3, 608);

-- --------------------------------------------------------

--
-- Table structure for table `admin`
--

CREATE TABLE IF NOT EXISTS `admin` (
  `sno` int(10) NOT NULL AUTO_INCREMENT,
  `userpic` mediumblob NOT NULL,
  PRIMARY KEY (`sno`)
) ENGINE=InnoDB  DEFAULT CHARSET=utf8 AUTO_INCREMENT=2 ;

--
-- Dumping data for table `admin`
--

INSERT INTO `admin` (`sno`, `userpic`) VALUES
(1, 0xffd8ffe000104a46494600010101006000600000ffe100584578696600004d4d002a00000008000401310002000000110000003e5110000100000001010000005111000400000001000000005112000400000001000000000000000041646f626520496d61676552656164790000ffdb0043000201010201010202020202020202030503030303030604040305070607070706070708090b0908080a0807070a0d0a0a0b0c0c0c0c07090e0f0d0c0e0b0c0c0cffdb004301020202030303060303060c0807080c0c0c0c0c0c0c0c0c0c0c0c0c0c0c0c0c0c0c0c0c0c0c0c0c0c0c0c0c0c0c0c0c0c0c0c0c0c0c0c0c0c0c0c0c0c0c0c0c0cffc000110800c800c803012200021101031101ffc4001f0000010501010101010100000000000000000102030405060708090a0bffc400b5100002010303020403050504040000017d01020300041105122131410613516107227114328191a1082342b1c11552d1f02433627282090a161718191a25262728292a3435363738393a434445464748494a535455565758595a636465666768696a737475767778797a838485868788898a92939495969798999aa2a3a4a5a6a7a8a9aab2b3b4b5b6b7b8b9bac2c3c4c5c6c7c8c9cad2d3d4d5d6d7d8d9dae1e2e3e4e5e6e7e8e9eaf1f2f3f4f5f6f7f8f9faffc4001f0100030101010101010101010000000000000102030405060708090a0bffc400b51100020102040403040705040400010277000102031104052131061241510761711322328108144291a1b1c109233352f0156272d10a162434e125f11718191a262728292a35363738393a434445464748494a535455565758595a636465666768696a737475767778797a82838485868788898a92939495969798999aa2a3a4a5a6a7a8a9aab2b3b4b5b6b7b8b9bac2c3c4c5c6c7c8c9cad2d3d4d5d6d7d8d9dae2e3e4e5e6e7e8e9eaf2f3f4f5f6f7f8f9faffda000c03010002110311003f00fdfca28a2800a28a2800a28a2800a28a2800a28ac6f1cfc40d1fe1b686da8eb57d0d8daa9daa5b9695bfba8a3966f600f73d055d3a73a9250a69b6f64b56ccab57a7469bab5a4a315ab6dd925e6d9b3457cb3f11bf6ecd535496483c316316976dc817576a26b86f7099d89f43bff0af26f117c59f1278b2466d4b5ed5ae837251ae5963fc114851f80afb3c1702e36ac79abb50f2ddfdcb4fc4fcbf35f16f2ac3cdd3c246555aeabdd8fdef5ffc96de67dff457e72fdb5b39ded9f5dc6b6fc3bf167c49e13915b4dd7b56b50bc845b9668ff146254fe22bbaa787d512fddd64df9c6dfabfc8f228f8cf45cad5b0ad2f29a6fee718fe67dff457cb3f0e7f6ecd534b96383c4f6316a96dc037368a21b85f7299d8ff0041b3f1afa37c0df10347f893a1aea3a2df437d6ac76b15e1a26feeba9e55bd881d8f435f279a6438cc03bd78fbbdd6abefe9f3b33f46c838bf2bce15b0753dfeb17a497cbafaa6d2ee6cd14515e39f4c1451450014514500145145001451450014514500145145001451450014514d9a65b785a4919638e3059998e1540ea49a036d59c9fc69f8cba5fc13f0749aa6a07ce9e4263b3b456c49772e3851e8a3ab3761ea700fc35f117e2a6aff00153c4d26abacdc19ee1b2238d7e58ad93b246bfc2a3f33d49279ab3fb447c709be35fc4abad496493fb2ed49b7d32223012007efe3fbce7e63df951fc22b85fb6ff9c57ee1c2fc370c050556aafdec96be5fdd5faf77e563f937c40e3aa99c62e587c3cad8783b452fb4d7da7deff67b2f36cd4fb651f6cacbfb6ff9c51f6dff0038afaaf667e75edcd4fb651f6cacbfb6ff009c51f6dff38a3d987b7353ed95bbf0ebe2a6aff0afc4d1eaba35c79170b81246df345729dd245fe253f98ea083cd71df6dff0038a3edbfe7151530d0a9074ea24d3d1a7b335c3e3ead0a91ad464e328bba69d9a7dd1fa2df05be32e97f1b3c1d1ea9a79f2678c88ef2d19b325a4b8e54faa9eaaddc7a1c81d757e7a7eceff1c26f829f12ad7526924fecbba22df53880c87809fbf8fef21f9877e187f11afd098665b885648d9648e4019594e5581e841afc3b8a321796626d0fe1cb58f9775f2fc9a3fad3c3ee3059f601bab6f6d4eca6975bed25fe2b3f9a7d2c3a8a28af993ef828a28a0028a28a0028a28a0028a28a0028a28a0028a28a002bc87f6e2f884fe00fd9e75410b98eeb5c9134a8987a499327e712482bd7abe4ff00f82a6eb725ae89e0bb1ddfbab8b9bbb861ead1a44a3f495abe838570b1c4e6d4294b6bdfff00014e5fa1f1be216633c0f0ee2f110d1f2f2fa73b50bfcb98f94bed747dacd647db68fb6d7f457b33f88fdb9aff006b347dacd647db68fb6d1ecc3db9aff6b347dacd647db68fb6d1ecc3db9aff006b347dacd647db68fb6d1ecc3db9aff6bafbff00f61df884fe3ffd9e74b133992eb4391f4a958fa47831fe513c62bf3a7edb5f627fc12cb5b92eb44f1a58eefdd5bdcda5c28f46912553fa44b5f13c7d838d4ca5d57bc1c5fdef97f53f54f073349d1e22861d6d56328bf92e74ff00f25fc59f58514515f859fd7414514500145145001451450014514500145145001451450015f21ffc158ac245d0bc0fa863f7305cdddb31f46912265fd226fcabebcaf0ff00f8287fc3793e227ecbdacc96f1b4977e1d9135a8940ed16e12fe50bca7ea2be8b84b151c3e7142a4f6e6b7fe049c7f53e27c47cbe78de1ac650a7abe4e65e7c8d4edf3e53f38fedffed51f6fff006ab1c5de68fb5d7f4c7b33f83bdb1b1f6fff006a8fb7ff00b558ff006ba3ed747b30f6c6c7dbff00daa3edff00ed563fdae8fb5d1ecc3db1b1f6ff00f6a8fb7ffb558ff6ba3ed747b30f6c6c7dbffdaafb43fe093b6123685e38d431fb99ee6d2d94fab4692b37e92afe75f0b9bbc57e9a7fc13c3e1bc9f0eff65ed1a4b88da3bbf1148fad4aa47697688bf385223f535f09e226223472774def52514be4f9bf4fc4fd77c12c1cf15c4b1af1da8c2727f35c897cf9bf067b8514515f801fd9414514500145145001451450014514500145145001451450014cb8b78eeede48a58d248a4528e8ebb95d4f0411dc1f4a7d1406fa33f25ff6bdf80175fb33fc66bed17cb93fb0ef0b5e68b3b7cc25b627ee67bbc44ec6cf3c2b701c5797fdb7debf5cbf69efd9ab43fda87e1acda16ab9b5bc8499b4dd46340d2e9f3e30180e3721e8e8480cbdc30565fca3f8d9f06fc49fb3df8f2e3c3be28b16b3bd8b2d0cc84b5bdf459c09617c0dc87f02a7860ac081fd1fc15c514b35c32a359fefe0b55fcc97da5dfcfb3f268fe1bf157c3fafc3b8e962b0d16f0951de2d6d06fec3ed6fb2deebab69993f6df7a3edbef58ff6cff7a8fb67fbd5f73eccfc93db1b1f6df7a3edbef58ff6cff7a8fb67fbd47b30f6c6c7db7de8fb6fbd63fdb3fdeaebbe09fc1bf127ed09e3cb7f0ef85ec5af2f65c34d3392b6f6316706599f076a0fc4b1e1433100e35a54e8d3756ab518c55db7a248e8c2d3ad8aad1c3e1e2e7393b28a576dbe891dd7ec87f002ebf699f8cd63a2f9727f61d995bcd6a75f94456c0fdccf67948d8b8e7966e421afd65b7b78ed2de38618d228a2508888bb551470001d80f4af3cfd987f66ad0ff65ef86b0e85a566eaf26226d4b519102cba84f8c16239da83a220242af72c599bd1abf9b78cf893fb5b197a5fc28691f3ef2f9fe4975b9fdd5e16f02be1bcaed88b3c455b4a6d6b6b7c304faa8ddddf5937676b0514515f1e7e9a1451450014514500145145001451450014514500145145001451450015cafc5ef829e17f8f1e129345f15e8f6bab58b1de9e602b2dbbff007e29170d1b76ca90704839048aeaabcc7e397ed95f0c7f6712d178bfc61a4e9b7ca01fecf8d8dd5f104654fd9e20d2007fbc542fbd7665f4f173af1582527516ab96fcdeaada9e6e6d57010c2cff00b4dc1516ad2f68d72b5d9f369f79f1bfc78ff823ef8a3c35733de7c3ed5adfc49a7f2c9a76a2eb6b7f18ecab2710c9f56f2b1e87ad7ccbe3cfd9ff00c7df0c2575f107837c4da5a467066974f91adcfd2550633f831afaf3e247fc176bc37613345e0ff01ebbad632be7eab771e9d193d8aaa099997fded87d8578febfff0005baf8b9a94b20d3bc3fe02d3206fb9bed2eae264ff8179eaa7fef8afdfb20c4718a8258bc3c64bbca4a12f9daff008c6fea7f1ff18653e19bad2965f8d9d397f2c22ea417a735bf09d97448f9c3ed7f3ede7774c639aecfc07fb3ff008fbe27ca8be1ff0006789b54590e04d1e9f22db8facac0463f1615de1ff82c3fc74336efb6f85b6ff73fb1fe5ffd0f3fad6fe83ff05b6f8bda6c91adf685e02d4a153f3e2cae6099c7b309ca8ffbe0d7d262abf10287ee30b4efe755bfc3923f99f0b97e57c18eaffb56655797ca828bfbfda4ff00f493bff80fff00047df147896e60bcf883ab5bf86f4fe19f4ed39d6eafa41dd5a4e618feabe6e7d075afbb3e10fc14f0bfc07f0947a2785347b5d26c54ef7f2c1696e1ff00bf2c8d9691bb658938000c00057c63f0e7fe0bb3a1de4a9178c3c01ac694bc2b5c6937b1df2e7d4a48222a3e8cc7eb5f527c0dfdb6be177ed16f1c1e15f1869775a949c0d36e49b4be27193b61942bb81dca065f7afc5b8c23c53597366b4e4a9ad6d15782f5716d7a3936cfea4f0d61c0384f7787ab4255a5a734dfef5f9252516bcd42293ec7aa514515f9d1fb40514514005145140051451400514514005145140051451400514514005798fed31fb5ef817f64df0caea1e2ed57cbbab8526cf4bb5026d42fc8cffab8b23e5e305d8aa0380581233e31fb7fff00c14d74dfd9b96e7c23e0dfb2eb7e3e9176ccedfbcb4d04119dd360fcf3104158874cee7206d57fcc0f17f89b5af89be2ebdf10789354bcd6f5bd49fccb9bcbb937c921ec3d1540e15140550000000057ea1c1fe1cd6cc631c663ef0a2f54bed4bd3b2f37abe8acee7e13e24f8d584c8a52cbf2b4aae2568dfd883f3b7c525d968babbab1efdfb4cffc1563e267ed013dc58f87ee24f87fe197f956df4d9cff00684ebc732dd00197a13b620830c5497eb5f33c7a52f9ad2365e4918bbb31cb393d493d493eb5a496bb474a7f94de82bf7ccb72bc1e5f4bd860a9a847cb77eaf76fcdb67f1df107146699d623eb39956954979bd179452d22bc9248a4b68a9fc352790bfecd59f29bd051e537a0af4398f9d2b792bed4790bfecd59f29bd051e537a0a398394a8d6caddaabcda5c723038c329c83dc1f5ad3f29bd051e537a0a398a8b6b63deff66aff0082a1fc50fd9de586cf51bd7f1df86a3e0d8eaf3b35d42bff004c6e88322f60049e620030157ad7e937ecbdfb67f817f6b5d0da6f0c6a4d1eab6d1f997ba3de0115fd98c81b8a64874c91f3a165f980243640fc5d6b726a6f0feb1a9782bc4967ace8b7f79a4eada749e6db5e5aca639a06e990c39e41208e84120e41af81e25f0fb2ecd22ead14a955ef15a37fde8edf3567d5df63f68e05f1ab39c8e71a18c93c461f6e593f7a2bfbb27ae9fcaef1e8adb9fbe9457c75fb01ff00c14fed7e3a4f63e0df1f35ae95e347c43677ca04569ae374031d23b83fdc1f2b9fb982420fb16bf9db38c971795e25e17191e592dbb35dd3eabfe19d9e87f6a70df1365d9ee0a38fcb6a7341efde2fac64ba35ff0005369a61451457947bc1451450014514500145145001451450015f1dff00c14c3fe0a18df01ace5f01f826e91bc717d0837b789861a0c2eb907d3ed0ea41553f7548723940de99fb7f7ed876ff00b24fc22f3acbcbb8f1878837dae876ce032a30037dcc83fe79c4181c7f13322f018b2fe45dd4f79af6ab77a96a5753df6a5a84ef7375733b9796e257259dd98f562c4927debf56f0ef83238e97f69e3a37a517eec5fda6babfeeafc5e9b269ff003f78d1e27cb28a4f25cae56c44d7bf25bd38bd92ed392f9c56bbb4d518ad1a49e49a69249a799cc92492317791c9c96663c92492493c926ac2c4055a10628f26bfa0398fe2e9de4eecabb28d956bc9a3c9a3989e52aeca3655af268f268e60e52aeca3655af268f268e60e52aeca3655af268f268e60e52aeca0c60d5af268f268e60e533ee2c9651ef9c823b1afd22ff82677fc143e6f8a496bf0efc7d7de678a204d9a46ab3b7cdacc6a3fd54a7bdc281c37fcb45193f3825ff3b7c9a484cfa75ec3756b3cd6b756b22cd04f0b98e486452195d5872aca40208e4119af0389387f0d9ce11e1abe925ac65d62fbfa3eabaaf349afb6e05e36c770ce62b19857783b29c2fa4e3d9f66becbdd3f26d3fde9a2be77ff0082787ed96bfb537c316b2d666853c6de1b448b538c009f6e8cf09768bd30f8c381c2b83c0564cfd115fcad9965b5f01899e1312ad38bb3fd1af26b55e47fa1191e7784cdf034f31c0cb9a9d4575dd774fb34ee9ae8d0514515c27ac1451450014514500159fe2df15e9fe04f0b6a3ad6af751d8e97a4db49777770f9db0c48a5998e324e003c0049ed5a15f0bffc162ff68a6b4d2349f85ba5cf8935409aaeb850f4b756fdc407fdf914c847040893b3d7b5c3b934f34c7d3c1c34527abed15ab7f76de7647cbf1971351c8328ad99d5d5c55a2bf9a4f48afbf7b6c937d0f8e7f694f8f3aa7ed4ff001af55f186a4b24305c116fa659b9cff67d9a13e5c5e9bb92ef8e0bbb11c600e3d2df0bd2a682d362f02a4f25bfbbfad7f5861e8d3c3d28d0a2ad18a492ec91fe75e658eaf8ec4cf178a9394e6dc9b7d5bd5ff5f22af91ed4791ed56bc96feefeb4792dfddfd6b5e638790abe47b51e47b55af25bfbbfad1e4b7f77f5a398390abe47b51e47b55af25bfbbfad1e4b7f77f5a398390abe47b51e47b55af25bfbbfad1e4b7f77f5a398390abe47b51e47b55af25bfbbfad1e4b7f77f5a398390abe47b51e47b55af25bfbbfad1e4b7f77f5a398390abe47b51e47b55af25bfbbfad1e4b7f77f5a398390e83e03fc64d63f672f8b9a3f8bf45dcd71a6c98b8b60fb52feddb02581bb6197a120ed60ad8ca8afd9af875e3fd2fe2a781749f11e8b702eb4ad6ad92eada4e84ab0ce187660720a9e41041e457e2235b961f76bedfff00823ffed0ed657faa7c31d4ee3f75307d5343dedf75badc40bf5e25007fd3635f987899c3eb1783fed1a2bf794b7f387ff6af5f46cfe80f01f8d2597e64f23c4cbf755dfbb7fb353a7fe0695bfc4a3e67ded451457f3f9fd94145145001451450054d7f5db3f0b6857ba9ea1711dad869d049757333fdd862452cec7d82827f0afc5cf8b9f12af7e3a7c5cf1178c3500eb71af5e3dc246e726de1185862ff008044a899efb73debf50bfe0a1965e23d53f64df13d9f86ec66be9ee9234be584fefa3b30e1a728bd5f28bb4a8e76b31e7183f9536e91b46bb1832f63eb5fb7785381a71a15b1ada736f97cd25abffc09ff00e927f2a7d21f38af3c561b2a49aa718ba8dd9da526dc57af2a4f6fe62b8b7c0e8297c8f61573ecf9f4a3ecff004afd6b98fe6cf6653f23d851e47b0ab9f67fa51f67fa51cc1ecca7e47b0a3c8f61573ecff4a3ecff004a3983d994fc8f614791ec2ae7d9fe947d9fe947307b329f91ec28f23d855cfb3fd28fb3fd28e60f6653f23d851e47b0ab9f67fa51f67fa51cc1ecca7e47b0a3c8f61573ecff004a3ecff4a3983d994fc8f614791ec2ae7d9fe947d9fe947307b329f91ec2b5fe1df8d6fbe15fc41d17c4da5b6dd4342bc8ef2219da24d872d19ff65d7721f50c6a9b43b7d2abadb5c6aba95ad858dbdc5edfdf4ab6f6d6d0466496e2473b5511472cc490001d6a6a463383854f85a69df6b75b9b61bdad3ad1a941b534d34d6e9a7a35e77d8fdb2f0478c2c7e21783749d7b4d93ced3f59b48af6d9fb98e440cb91d8e0f23b1ad4af27fd897e11f88be06fecdbe1ff0df8a2eadee355b312c8d143f32d92c9234820df9c394dc4161c76190013eb15fc8b9851a54b15529509734232693ee93d1fcd1fe9364f88c46230146be2e1c952508b945fd99349b5f27ff000428a28ae33d20a28a2800af88ff006e9ff8270c9a8dd5f78dbe1bd88372dba7d4f408171f683d5a6b61d37f7310fbdc95f9be57fb728af6324cf315956216230afd53da4bb35fd35d0f9be2ae14cbf88304f059846eb78c97c517de2ff35b3d9a67e22db4a24254ee565255948c1520e0823b107b76ab02106bf49ff6baff008279787ff6867b8d7b43787c37e336059ae950fd97536c702e117f8bb79aa3701d4380147e7c7c4ef855e26f81be2b6d13c59a4dc6937dc9899fe682ed47f1c520f9645fa1c8ce08078afe86e1fe2ac166f4ff0072f96a7583dd7a775e6be691fc5fc69e1ce67c3b55baf1e7a2dfbb522bdd7d93fe59793f937b981e40a3c8156232241ffd7a78873ebf9d7d1731f05ecca9e40a3c81573c8fafe74791f5fce8e617b329f9028f2055cf23ebf9d1e47d7f3a3983d994fc8147902ae791f5fce8f23ebf9d1cc1ecca7e40a3c81573c8fafe74791f5fce8e60f6653f2051e40ab9e47d7f3a431e3d7f3a3983d9953c814c74551ffd6a9ae2e1615cb1aedbf67efd977c69fb53eb3e4f86ec7ecda3c7279775ad5dab2595be3ef2ab7596419fb899392371507756588c551c3d275f1125182ddbd17f5e5bbe877e5d94e2b1f5e385c1d3739cb6495dff00c3776f45bb381d1f47d4bc67e25b3d1743b0bad5b58d4a4f26d6d2d9374b3372781d00001258e154024900135fa41fb0a7ec0363fb36da27893c49f65d5bc7975191e628df068c8c3062833d5c8c879782465570bbb777dfb2e7ec75e12fd9574275d1e17bfd72f23097facdd2837375d0945ed1c5b802235e38058b30dd5eb15f8771871ecf1e9e0b0178d1eaf673ff0028f96efaf63fad3c37f08e8e4ce39966969e2378ade34fff0092979ecbecdfe26514515f9a9fb78514514005145140051451400561fc43f869a07c59f0c4da3789349b2d674d9f9682e63dc15b90194f5461938652187622b728aba75274e4a74db4d6cd68d7a333ad469d683a5562a517a34d5d35d9a7a33e15f8f3ff00049abed25a6d47e1aeaa2f21e5ff00b1b55976c8bfecc571d1bd02ca07bc86be55f1c78335ef853adff66f8a745d4b41be6c848ef213189b1c131bfdd907fb4848f7afd94aa1e25f0ae97e33d1e5d3f58d36c756d3e7ff00596d796eb3c327d558107f2afd1b27f12b1d874a9e362aac7bed2fbf67f3577dcfc57897c0fca71cdd6cb24f0f37d2dcd0fbae9c7e4ecba44fc6c8ae1241c15a99403d96bf433e257fc12dfe18f8d6492e3488f55f08de3e483a65ceeb72def0ca1d40ff0065360fa5788f8d3fe092be36d1599bc3be2af0feb91a8c84be865b094fb0dbe6a93f52a3e95fa0e078f726c4ad6a3a6fb4935f8abafc4fc6736f07389704db8525563de124ff0007cb2fb933e6311a9fe1a3cb1fdd15ea1e20fd857e32f8637193c133df46bfc7657d6d3eefa28937ff00e3b5cadefc08f891a6e7cef877e385c7529a1dcc83f35435f454734c15557a55a12f49c5fea7c4e2385b37c3bb57c2d48fac24bf34733e58fee8a0460ff0d6d0f851e3c2e57fe100f1e6e5ea3fe11ebcc8ff00c875a3a7feceff0013b579552dfe1cf8d3739c0336932dbafe720503f135b4b1b878abcaa457ac97f99cf4f21cc26ed0a137e9193fd0e50a28fe1a63ed1fdd15ebde1cff00827c7c67f143a6ef0bdb6931c9ff002d750d4e0455faac6cee3fef9af50f03ff00c12135ed45924f1578df4fb14cfcf6fa45a35c330f6965d801f7f2cd7938ae2ac9f0caf57111ff00b75f33ff00c96e7d165fe1b712631a54b0735e725c8bff0027e53e48babf8edd7e665fceba2f851f04bc6df1fef162f07f872ff568376c7be23c9b1848ebba77c26477504b7a2935fa1df0b7fe09bff0a3e18cb1dc49a0bf89afa3e971aecbf6c1ff007eb021fc7cbc8f5af72b5b68ecada38618e38618542471a28554503000038000ed5f1799f8a14209c72fa4e4ff009a7a2ffc053bbfbd7a1fa9e41e01d79355338aea2bf969eaff00f026acbe5197a9f20fecfdff000499d0fc37241aa7c46d417c4d7ea438d2ed0b45a6c47d1db8926c7079d8bd414615f5ce8fa359f8774ab7b1d3ed6dac6c6d504505bdbc4b1450a0e8aaaa00503d00ab3457e5b9b6798eccaa7b4c65472ecb64bd12d17e6fa9fbef0ff0be5792d1f6396d150eef793f593d5fa5ecba241451457927d00514514005145140051451400514514005145140051451400514514005145140051451400514514005145140051451400514514005145140051451401fffd9);

-- --------------------------------------------------------

--
-- Table structure for table `akey`
--

CREATE TABLE IF NOT EXISTS `akey` (
  `sno` int(25) NOT NULL AUTO_INCREMENT,
  `class` int(4) NOT NULL,
  `section` varchar(1) NOT NULL,
  `medium` varchar(1) NOT NULL,
  PRIMARY KEY (`sno`)
) ENGINE=InnoDB  DEFAULT CHARSET=utf8 AUTO_INCREMENT=131 ;

--
-- Dumping data for table `akey`
--

INSERT INTO `akey` (`sno`, `class`, `section`, `medium`) VALUES
(1, -2, 'A', 'E'),
(2, -2, 'B', 'E'),
(3, -2, 'C', 'E'),
(4, -2, 'D', 'E'),
(5, -2, 'E', 'E'),
(6, -1, 'A', 'E'),
(7, -1, 'B', 'E'),
(8, -1, 'C', 'E'),
(9, -1, 'D', 'E'),
(10, -1, 'E', 'E'),
(11, 0, 'A', 'T'),
(12, 0, 'B', 'T'),
(13, 0, 'C', 'T'),
(14, 0, 'D', 'T'),
(15, 0, 'E', 'T'),
(16, 1, 'A', 'E'),
(17, 1, 'B', 'E'),
(18, 1, 'C', 'E'),
(19, 1, 'D', 'E'),
(20, 1, 'E', 'E'),
(21, 2, 'A', 'E'),
(22, 2, 'B', 'E'),
(23, 2, 'C', 'E'),
(24, 2, 'D', 'E'),
(25, 2, 'E', 'E'),
(26, 3, 'A', 'E'),
(27, 3, 'B', 'E'),
(28, 3, 'C', 'E'),
(29, 3, 'D', 'E'),
(30, 3, 'E', 'E'),
(31, 4, 'A', 'E'),
(32, 4, 'B', 'E'),
(33, 4, 'C', 'E'),
(34, 4, 'D', 'E'),
(35, 4, 'E', 'E'),
(36, 5, 'A', 'E'),
(37, 5, 'B', 'E'),
(38, 5, 'C', 'E'),
(39, 5, 'D', 'E'),
(40, 5, 'E', 'E'),
(41, 6, 'A', 'E'),
(42, 6, 'B', 'E'),
(43, 6, 'C', 'E'),
(44, 6, 'D', 'E'),
(45, 6, 'E', 'E'),
(46, 7, 'A', 'E'),
(47, 7, 'B', 'E'),
(48, 7, 'C', 'E'),
(49, 7, 'D', 'E'),
(50, 7, 'E', 'E'),
(51, 8, 'A', 'E'),
(52, 8, 'B', 'E'),
(53, 8, 'C', 'E'),
(54, 8, 'D', 'E'),
(55, 8, 'E', 'E'),
(56, 9, 'A', 'E'),
(57, 9, 'B', 'E'),
(58, 9, 'C', 'E'),
(59, 9, 'D', 'E'),
(60, 9, 'E', 'E'),
(61, 10, 'A', 'E'),
(62, 10, 'B', 'E'),
(63, 10, 'C', 'E'),
(64, 10, 'D', 'E'),
(65, 10, 'E', 'E'),
(81, 1, 'A', 'T'),
(82, 1, 'B', 'T'),
(83, 1, 'C', 'T'),
(84, 1, 'D', 'T'),
(85, 1, 'E', 'T'),
(86, 2, 'A', 'T'),
(87, 2, 'B', 'T'),
(88, 2, 'C', 'T'),
(89, 2, 'D', 'T'),
(90, 2, 'E', 'T'),
(91, 3, 'A', 'T'),
(92, 3, 'B', 'T'),
(93, 3, 'C', 'T'),
(94, 3, 'D', 'T'),
(95, 3, 'E', 'T'),
(96, 4, 'A', 'T'),
(97, 4, 'B', 'T'),
(98, 4, 'C', 'T'),
(99, 4, 'D', 'T'),
(100, 4, 'E', 'T'),
(101, 5, 'A', 'T'),
(102, 5, 'B', 'T'),
(103, 5, 'C', 'T'),
(104, 5, 'D', 'T'),
(105, 5, 'E', 'T'),
(106, 6, 'A', 'T'),
(107, 6, 'B', 'T'),
(108, 6, 'C', 'T'),
(109, 6, 'D', 'T'),
(110, 6, 'E', 'T'),
(111, 7, 'A', 'T'),
(112, 7, 'B', 'T'),
(113, 7, 'C', 'T'),
(114, 7, 'D', 'T'),
(115, 7, 'E', 'T'),
(116, 8, 'A', 'T'),
(117, 8, 'B', 'T'),
(118, 8, 'C', 'T'),
(119, 8, 'D', 'T'),
(120, 8, 'E', 'T'),
(121, 9, 'A', 'T'),
(122, 9, 'B', 'T'),
(123, 9, 'C', 'T'),
(124, 9, 'D', 'T'),
(125, 9, 'E', 'T'),
(126, 10, 'A', 'T'),
(127, 10, 'B', 'T'),
(128, 10, 'C', 'T'),
(129, 10, 'D', 'T'),
(130, 10, 'E', 'T');

-- --------------------------------------------------------

--
-- Table structure for table `attendance`
--

CREATE TABLE IF NOT EXISTS `attendance` (
  `sno` int(254) NOT NULL AUTO_INCREMENT,
  `current_id` int(254) NOT NULL,
  `noc` varchar(4) NOT NULL,
  `nocp` varchar(4) NOT NULL,
  `noca` varchar(4) NOT NULL,
  `status` varchar(30) NOT NULL,
  PRIMARY KEY (`sno`)
) ENGINE=InnoDB  DEFAULT CHARSET=utf8 AUTO_INCREMENT=3 ;

--
-- Dumping data for table `attendance`
--

INSERT INTO `attendance` (`sno`, `current_id`, `noc`, `nocp`, `noca`, `status`) VALUES
(1, 2, '30', '24', '80', '1'),
(2, 3, '30', '20', '66.6', '1');

-- --------------------------------------------------------

--
-- Table structure for table `caste`
--

CREATE TABLE IF NOT EXISTS `caste` (
  `sno` int(20) NOT NULL AUTO_INCREMENT,
  `caste` varchar(50) NOT NULL,
  PRIMARY KEY (`sno`)
) ENGINE=InnoDB  DEFAULT CHARSET=utf8 AUTO_INCREMENT=21 ;

--
-- Dumping data for table `caste`
--

INSERT INTO `caste` (`sno`, `caste`) VALUES
(1, 'Kamma'),
(2, 'Kapu'),
(3, 'Mudiraju'),
(4, 'Brahmin'),
(5, 'Padmasali'),
(6, 'Mala'),
(7, 'Madiga'),
(8, 'Vysya'),
(9, 'Reddy'),
(10, 'Gowda'),
(11, 'Rajaka'),
(12, 'Muslim'),
(13, 'Yadava'),
(14, 'Yerukala'),
(15, 'Sugali'),
(16, 'Agnikula Kshatriya'),
(17, 'Jangam'),
(18, 'BudagaJangam'),
(19, 'Devangula'),
(20, 'Boyilu');

-- --------------------------------------------------------

--
-- Table structure for table `current_id`
--

CREATE TABLE IF NOT EXISTS `current_id` (
  `sno` int(250) NOT NULL AUTO_INCREMENT,
  `id` varchar(15) NOT NULL,
  `akey` int(250) NOT NULL,
  `aca_year` int(4) NOT NULL,
  PRIMARY KEY (`sno`)
) ENGINE=InnoDB DEFAULT CHARSET=utf8 AUTO_INCREMENT=1 ;

-- --------------------------------------------------------

--
-- Table structure for table `fee`
--

CREATE TABLE IF NOT EXISTS `fee` (
  `sno` int(20) NOT NULL AUTO_INCREMENT,
  `akey` int(200) NOT NULL,
  `fee` int(20) NOT NULL,
  PRIMARY KEY (`sno`)
) ENGINE=InnoDB  DEFAULT CHARSET=utf8 AUTO_INCREMENT=2 ;

--
-- Dumping data for table `fee`
--

INSERT INTO `fee` (`sno`, `akey`, `fee`) VALUES
(1, 51, 8000);

-- --------------------------------------------------------

--
-- Table structure for table `key_sub`
--

CREATE TABLE IF NOT EXISTS `key_sub` (
  `sno` int(20) NOT NULL AUTO_INCREMENT,
  `sub` int(20) NOT NULL,
  `akey` int(200) NOT NULL,
  PRIMARY KEY (`sno`)
) ENGINE=InnoDB  DEFAULT CHARSET=utf8 AUTO_INCREMENT=1382 ;

--
-- Dumping data for table `key_sub`
--

INSERT INTO `key_sub` (`sno`, `sub`, `akey`) VALUES
(1, 1, 1),
(2, 2, 1),
(3, 3, 1),
(4, 4, 1),
(5, 5, 1),
(6, 6, 1),
(7, 7, 1),
(8, 8, 1),
(9, 9, 1),
(10, 10, 1),
(11, 11, 1),
(12, 12, 1),
(13, 1, 2),
(14, 2, 2),
(15, 3, 2),
(16, 4, 2),
(17, 5, 2),
(18, 6, 2),
(19, 7, 2),
(20, 8, 2),
(21, 9, 2),
(22, 10, 2),
(23, 11, 2),
(24, 12, 2),
(25, 1, 3),
(26, 2, 3),
(27, 3, 3),
(28, 4, 3),
(29, 5, 3),
(30, 6, 3),
(31, 7, 3),
(32, 8, 3),
(33, 9, 3),
(34, 10, 3),
(35, 11, 3),
(36, 12, 3),
(37, 1, 4),
(38, 2, 4),
(39, 3, 4),
(40, 4, 4),
(41, 5, 4),
(42, 6, 4),
(43, 7, 4),
(44, 8, 4),
(45, 9, 4),
(46, 10, 4),
(47, 11, 4),
(48, 12, 4),
(49, 1, 5),
(50, 2, 5),
(51, 3, 5),
(52, 4, 5),
(53, 5, 5),
(54, 6, 5),
(55, 7, 5),
(56, 8, 5),
(57, 9, 5),
(58, 10, 5),
(59, 11, 5),
(60, 12, 5),
(61, 1, 6),
(62, 2, 6),
(63, 3, 6),
(64, 4, 6),
(65, 5, 6),
(66, 6, 6),
(67, 7, 6),
(68, 8, 6),
(69, 9, 6),
(70, 10, 6),
(71, 11, 6),
(72, 12, 6),
(73, 1, 7),
(74, 2, 7),
(75, 3, 7),
(76, 4, 7),
(77, 5, 7),
(78, 6, 7),
(79, 7, 7),
(80, 8, 7),
(81, 9, 7),
(82, 10, 7),
(83, 11, 7),
(84, 12, 7),
(85, 1, 8),
(86, 2, 8),
(87, 3, 8),
(88, 4, 8),
(89, 5, 8),
(90, 6, 8),
(91, 7, 8),
(92, 8, 8),
(93, 9, 8),
(94, 10, 8),
(95, 11, 8),
(96, 12, 8),
(97, 1, 9),
(98, 2, 9),
(99, 3, 9),
(100, 4, 9),
(101, 5, 9),
(102, 6, 9),
(103, 7, 9),
(104, 8, 9),
(105, 9, 9),
(106, 10, 9),
(107, 11, 9),
(108, 12, 9),
(109, 1, 10),
(110, 2, 10),
(111, 3, 10),
(112, 4, 10),
(113, 5, 10),
(114, 6, 10),
(115, 7, 10),
(116, 8, 10),
(117, 9, 10),
(118, 10, 10),
(119, 11, 10),
(120, 12, 10),
(121, 1, 11),
(122, 2, 11),
(123, 3, 11),
(124, 4, 11),
(125, 5, 11),
(126, 6, 11),
(127, 7, 11),
(128, 8, 11),
(129, 9, 11),
(130, 10, 11),
(131, 11, 11),
(132, 12, 11),
(133, 1, 12),
(134, 2, 12),
(135, 3, 12),
(136, 4, 12),
(137, 5, 12),
(138, 6, 12),
(139, 7, 12),
(140, 8, 12),
(141, 9, 12),
(142, 10, 12),
(143, 11, 12),
(144, 12, 12),
(145, 1, 13),
(146, 2, 13),
(147, 3, 13),
(148, 4, 13),
(149, 5, 13),
(150, 6, 13),
(151, 7, 13),
(152, 8, 13),
(153, 9, 13),
(154, 10, 13),
(155, 11, 13),
(156, 12, 13),
(157, 1, 14),
(158, 2, 14),
(159, 3, 14),
(160, 4, 14),
(161, 5, 14),
(162, 6, 14),
(163, 7, 14),
(164, 8, 14),
(165, 9, 14),
(166, 10, 14),
(167, 11, 14),
(168, 12, 14),
(169, 1, 15),
(170, 2, 15),
(171, 3, 15),
(172, 4, 15),
(173, 5, 15),
(174, 6, 15),
(175, 7, 15),
(176, 8, 15),
(177, 9, 15),
(178, 10, 15),
(179, 11, 15),
(180, 12, 15),
(181, 1, 16),
(182, 2, 16),
(183, 3, 16),
(184, 4, 16),
(185, 5, 16),
(186, 6, 16),
(187, 7, 16),
(188, 8, 16),
(189, 9, 16),
(190, 10, 16),
(191, 11, 16),
(192, 12, 16),
(193, 1, 17),
(194, 2, 17),
(195, 3, 17),
(196, 4, 17),
(197, 5, 17),
(198, 6, 17),
(199, 7, 17),
(200, 8, 17),
(201, 9, 17),
(202, 10, 17),
(203, 11, 17),
(204, 12, 17),
(205, 1, 18),
(206, 2, 18),
(207, 3, 18),
(208, 4, 18),
(209, 5, 18),
(210, 6, 18),
(211, 7, 18),
(212, 8, 18),
(213, 9, 18),
(214, 10, 18),
(215, 11, 18),
(216, 12, 18),
(217, 1, 19),
(218, 2, 19),
(219, 3, 19),
(220, 4, 19),
(221, 5, 19),
(222, 6, 19),
(223, 7, 19),
(224, 8, 19),
(225, 9, 19),
(226, 10, 19),
(227, 11, 19),
(228, 12, 19),
(229, 1, 20),
(230, 2, 20),
(231, 3, 20),
(232, 4, 20),
(233, 5, 20),
(234, 6, 20),
(235, 7, 20),
(236, 8, 20),
(237, 9, 20),
(238, 10, 20),
(239, 11, 20),
(240, 12, 20),
(241, 1, 21),
(242, 2, 21),
(243, 3, 21),
(244, 4, 21),
(245, 5, 21),
(246, 6, 21),
(247, 7, 21),
(248, 8, 21),
(249, 9, 21),
(250, 10, 21),
(251, 11, 21),
(252, 12, 21),
(253, 1, 22),
(254, 2, 22),
(255, 3, 22),
(256, 4, 22),
(257, 5, 22),
(258, 6, 22),
(259, 7, 22),
(260, 8, 22),
(261, 9, 22),
(262, 10, 22),
(263, 11, 22),
(264, 12, 22),
(265, 1, 23),
(266, 2, 23),
(267, 3, 23),
(268, 4, 23),
(269, 5, 23),
(270, 6, 23),
(271, 7, 23),
(272, 8, 23),
(273, 9, 23),
(274, 10, 23),
(275, 11, 23),
(276, 12, 23),
(277, 1, 24),
(278, 2, 24),
(279, 3, 24),
(280, 4, 24),
(281, 5, 24),
(282, 6, 24),
(283, 7, 24),
(284, 8, 24),
(285, 9, 24),
(286, 10, 24),
(287, 11, 24),
(288, 12, 24),
(289, 1, 25),
(290, 2, 25),
(291, 3, 25),
(292, 4, 25),
(293, 5, 25),
(294, 6, 25),
(295, 7, 25),
(296, 8, 25),
(297, 9, 25),
(298, 10, 25),
(299, 11, 25),
(300, 12, 25),
(301, 1, 26),
(302, 2, 26),
(303, 3, 26),
(304, 4, 26),
(305, 5, 26),
(306, 6, 26),
(307, 7, 26),
(308, 8, 26),
(309, 9, 26),
(310, 10, 26),
(311, 11, 26),
(312, 12, 26),
(313, 1, 27),
(314, 2, 27),
(315, 3, 27),
(316, 4, 27),
(317, 5, 27),
(318, 6, 27),
(319, 7, 27),
(320, 8, 27),
(321, 9, 27),
(322, 10, 27),
(323, 11, 27),
(324, 12, 27),
(325, 1, 28),
(326, 2, 28),
(327, 3, 28),
(328, 4, 28),
(329, 5, 28),
(330, 6, 28),
(331, 7, 28),
(332, 8, 28),
(333, 9, 28),
(334, 10, 28),
(335, 11, 28),
(336, 12, 28),
(337, 1, 29),
(338, 2, 29),
(339, 3, 29),
(340, 4, 29),
(341, 5, 29),
(342, 6, 29),
(343, 7, 29),
(344, 8, 29),
(345, 9, 29),
(346, 10, 29),
(347, 11, 29),
(348, 12, 29),
(349, 1, 30),
(350, 2, 30),
(351, 3, 30),
(352, 4, 30),
(353, 5, 30),
(354, 6, 30),
(355, 7, 30),
(356, 8, 30),
(357, 9, 30),
(358, 10, 30),
(359, 11, 30),
(360, 12, 30),
(361, 1, 31),
(362, 2, 31),
(363, 3, 31),
(364, 4, 31),
(365, 5, 31),
(366, 6, 31),
(367, 7, 31),
(368, 8, 31),
(369, 9, 31),
(370, 10, 31),
(371, 11, 31),
(372, 12, 31),
(373, 1, 32),
(374, 2, 32),
(375, 3, 32),
(376, 4, 32),
(377, 5, 32),
(378, 6, 32),
(379, 7, 32),
(380, 8, 32),
(381, 9, 32),
(382, 10, 32),
(383, 11, 32),
(384, 12, 32),
(385, 1, 33),
(386, 2, 33),
(387, 3, 33),
(388, 4, 33),
(389, 5, 33),
(390, 6, 33),
(391, 7, 33),
(392, 8, 33),
(393, 9, 33),
(394, 10, 33),
(395, 11, 33),
(396, 12, 33),
(397, 1, 34),
(398, 2, 34),
(399, 3, 34),
(400, 4, 34),
(401, 5, 34),
(402, 6, 34),
(403, 7, 34),
(404, 8, 34),
(405, 9, 34),
(406, 10, 34),
(407, 11, 34),
(408, 12, 34),
(409, 1, 35),
(410, 2, 35),
(411, 3, 35),
(412, 4, 35),
(413, 5, 35),
(414, 6, 35),
(415, 7, 35),
(416, 8, 35),
(417, 9, 35),
(418, 10, 35),
(419, 11, 35),
(420, 12, 35),
(421, 1, 36),
(422, 2, 36),
(423, 3, 36),
(424, 4, 36),
(425, 5, 36),
(426, 6, 36),
(427, 7, 36),
(428, 8, 36),
(429, 9, 36),
(430, 10, 36),
(431, 11, 36),
(432, 12, 36),
(433, 1, 37),
(434, 2, 37),
(435, 3, 37),
(436, 4, 37),
(437, 5, 37),
(438, 6, 37),
(439, 7, 37),
(440, 8, 37),
(441, 9, 37),
(442, 10, 37),
(443, 11, 37),
(444, 12, 37),
(445, 1, 38),
(446, 2, 38),
(447, 3, 38),
(448, 4, 38),
(449, 5, 38),
(450, 6, 38),
(451, 7, 38),
(452, 8, 38),
(453, 9, 38),
(454, 10, 38),
(455, 11, 38),
(456, 12, 38),
(457, 1, 39),
(458, 2, 39),
(459, 3, 39),
(460, 4, 39),
(461, 5, 39),
(462, 6, 39),
(463, 7, 39),
(464, 8, 39),
(465, 9, 39),
(466, 10, 39),
(467, 11, 39),
(468, 12, 39),
(469, 1, 40),
(470, 2, 40),
(471, 3, 40),
(472, 4, 40),
(473, 5, 40),
(474, 6, 40),
(475, 7, 40),
(476, 8, 40),
(477, 9, 40),
(478, 10, 40),
(479, 11, 40),
(480, 12, 40),
(481, 1, 41),
(482, 2, 41),
(483, 3, 41),
(484, 4, 41),
(485, 5, 41),
(486, 6, 41),
(487, 7, 41),
(488, 8, 41),
(489, 9, 41),
(490, 10, 41),
(491, 11, 41),
(492, 12, 41),
(493, 1, 42),
(494, 2, 42),
(495, 3, 42),
(496, 4, 42),
(497, 5, 42),
(498, 6, 42),
(499, 7, 42),
(500, 8, 42),
(501, 9, 42),
(502, 10, 42),
(503, 11, 42),
(504, 12, 42),
(505, 1, 43),
(506, 2, 43),
(507, 3, 43),
(508, 4, 43),
(509, 5, 43),
(510, 6, 43),
(511, 7, 43),
(512, 8, 43),
(513, 9, 43),
(514, 10, 43),
(515, 11, 43),
(516, 12, 43),
(517, 1, 44),
(518, 2, 44),
(519, 3, 44),
(520, 4, 44),
(521, 5, 44),
(522, 6, 44),
(523, 7, 44),
(524, 8, 44),
(525, 9, 44),
(526, 10, 44),
(527, 11, 44),
(528, 12, 44),
(529, 1, 45),
(530, 2, 45),
(531, 3, 45),
(532, 4, 45),
(533, 5, 45),
(534, 6, 45),
(535, 7, 45),
(536, 8, 45),
(537, 9, 45),
(538, 10, 45),
(539, 11, 45),
(540, 12, 45),
(541, 1, 46),
(542, 2, 46),
(543, 3, 46),
(544, 4, 46),
(545, 5, 46),
(546, 6, 46),
(547, 7, 46),
(548, 8, 46),
(549, 9, 46),
(550, 10, 46),
(551, 11, 46),
(552, 12, 46),
(553, 1, 47),
(554, 2, 47),
(555, 3, 47),
(556, 4, 47),
(557, 5, 47),
(558, 6, 47),
(559, 7, 47),
(560, 8, 47),
(561, 9, 47),
(562, 10, 47),
(563, 11, 47),
(564, 12, 47),
(565, 1, 48),
(566, 2, 48),
(567, 3, 48),
(568, 4, 48),
(569, 5, 48),
(570, 6, 48),
(571, 7, 48),
(572, 8, 48),
(573, 9, 48),
(574, 10, 48),
(575, 11, 48),
(576, 12, 48),
(577, 1, 49),
(578, 2, 49),
(579, 3, 49),
(580, 4, 49),
(581, 5, 49),
(582, 6, 49),
(583, 7, 49),
(584, 8, 49),
(585, 9, 49),
(586, 10, 49),
(587, 11, 49),
(588, 12, 49),
(589, 1, 50),
(590, 2, 50),
(591, 3, 50),
(592, 4, 50),
(593, 5, 50),
(594, 6, 50),
(595, 7, 50),
(596, 8, 50),
(597, 9, 50),
(598, 10, 50),
(599, 11, 50),
(600, 12, 50),
(601, 1, 51),
(602, 2, 51),
(603, 3, 51),
(604, 4, 51),
(605, 5, 51),
(606, 6, 51),
(607, 7, 51),
(608, 8, 51),
(609, 9, 51),
(610, 10, 51),
(611, 11, 51),
(612, 12, 51),
(613, 1, 52),
(614, 2, 52),
(615, 3, 52),
(616, 4, 52),
(617, 5, 52),
(618, 6, 52),
(619, 7, 52),
(620, 8, 52),
(621, 9, 52),
(622, 10, 52),
(623, 11, 52),
(624, 12, 52),
(625, 1, 53),
(626, 2, 53),
(627, 3, 53),
(628, 4, 53),
(629, 5, 53),
(630, 6, 53),
(631, 7, 53),
(632, 8, 53),
(633, 9, 53),
(634, 10, 53),
(635, 11, 53),
(636, 12, 53),
(637, 1, 54),
(638, 2, 54),
(639, 3, 54),
(640, 4, 54),
(641, 5, 54),
(642, 6, 54),
(643, 7, 54),
(644, 8, 54),
(645, 9, 54),
(646, 10, 54),
(647, 11, 54),
(648, 12, 54),
(649, 1, 55),
(650, 2, 55),
(651, 3, 55),
(652, 4, 55),
(653, 5, 55),
(654, 6, 55),
(655, 7, 55),
(656, 8, 55),
(657, 9, 55),
(658, 10, 55),
(659, 11, 55),
(660, 12, 55),
(661, 1, 56),
(662, 2, 56),
(663, 3, 56),
(664, 4, 56),
(665, 5, 56),
(666, 6, 56),
(667, 7, 56),
(668, 8, 56),
(669, 9, 56),
(670, 10, 56),
(671, 11, 56),
(672, 12, 56),
(673, 1, 57),
(674, 2, 57),
(675, 3, 57),
(676, 4, 57),
(677, 5, 57),
(678, 6, 57),
(679, 7, 57),
(680, 8, 57),
(681, 9, 57),
(682, 10, 57),
(683, 11, 57),
(684, 12, 57),
(686, 1, 58),
(687, 2, 58),
(688, 3, 58),
(689, 4, 58),
(690, 5, 58),
(691, 6, 58),
(692, 7, 58),
(693, 8, 58),
(694, 9, 58),
(695, 10, 58),
(696, 11, 58),
(697, 12, 58),
(698, 1, 59),
(699, 2, 59),
(700, 3, 59),
(701, 4, 59),
(702, 5, 59),
(703, 6, 59),
(704, 7, 59),
(705, 8, 59),
(706, 9, 59),
(707, 10, 59),
(708, 11, 59),
(709, 12, 59),
(710, 1, 60),
(711, 2, 60),
(712, 3, 60),
(713, 4, 60),
(714, 5, 60),
(715, 6, 60),
(716, 7, 60),
(717, 8, 60),
(718, 9, 60),
(719, 10, 60),
(720, 11, 60),
(721, 12, 60),
(722, 1, 61),
(723, 2, 61),
(724, 3, 61),
(725, 4, 61),
(726, 5, 61),
(727, 6, 61),
(728, 7, 61),
(729, 8, 61),
(730, 9, 61),
(731, 10, 61),
(732, 11, 61),
(733, 12, 61),
(734, 1, 62),
(735, 2, 62),
(736, 3, 62),
(737, 4, 62),
(738, 5, 62),
(739, 6, 62),
(740, 7, 62),
(741, 8, 62),
(742, 9, 62),
(743, 10, 62),
(744, 11, 62),
(745, 12, 62),
(746, 1, 63),
(747, 2, 63),
(748, 3, 63),
(749, 4, 63),
(750, 5, 63),
(751, 6, 63),
(752, 7, 63),
(753, 8, 63),
(754, 9, 63),
(755, 10, 63),
(756, 11, 63),
(757, 12, 63),
(758, 1, 64),
(759, 2, 64),
(760, 3, 64),
(761, 4, 64),
(762, 5, 64),
(763, 6, 64),
(764, 7, 64),
(765, 8, 64),
(766, 9, 64),
(767, 10, 64),
(768, 11, 64),
(769, 12, 64),
(770, 1, 65),
(771, 2, 65),
(772, 3, 65),
(773, 4, 65),
(774, 5, 65),
(775, 6, 65),
(776, 7, 65),
(777, 8, 65),
(778, 9, 65),
(779, 10, 65),
(780, 11, 65),
(781, 12, 65),
(782, 1, 81),
(783, 2, 81),
(784, 3, 81),
(785, 4, 81),
(786, 5, 81),
(787, 6, 81),
(788, 7, 81),
(789, 8, 81),
(790, 9, 81),
(791, 10, 81),
(792, 11, 81),
(793, 12, 81),
(794, 1, 82),
(795, 2, 82),
(796, 3, 82),
(797, 4, 82),
(798, 5, 82),
(799, 6, 82),
(800, 7, 82),
(801, 8, 82),
(802, 9, 82),
(803, 10, 82),
(804, 11, 82),
(805, 12, 82),
(806, 1, 83),
(807, 2, 83),
(808, 3, 83),
(809, 4, 83),
(810, 5, 83),
(811, 6, 83),
(812, 7, 83),
(813, 8, 83),
(814, 9, 83),
(815, 10, 83),
(816, 11, 83),
(817, 12, 83),
(818, 1, 84),
(819, 2, 84),
(820, 3, 84),
(821, 4, 84),
(822, 5, 84),
(823, 6, 84),
(824, 7, 84),
(825, 8, 84),
(826, 9, 84),
(827, 10, 84),
(828, 11, 84),
(829, 12, 84),
(830, 1, 85),
(831, 2, 85),
(832, 3, 85),
(833, 4, 85),
(834, 5, 85),
(835, 6, 85),
(836, 7, 85),
(837, 8, 85),
(838, 9, 85),
(839, 10, 85),
(840, 11, 85),
(841, 12, 85),
(842, 1, 86),
(843, 2, 86),
(844, 3, 86),
(845, 4, 86),
(846, 5, 86),
(847, 6, 86),
(848, 7, 86),
(849, 8, 86),
(850, 9, 86),
(851, 10, 86),
(852, 11, 86),
(853, 12, 86),
(854, 1, 87),
(855, 2, 87),
(856, 3, 87),
(857, 4, 87),
(858, 5, 87),
(859, 6, 87),
(860, 7, 87),
(861, 8, 87),
(862, 9, 87),
(863, 10, 87),
(864, 11, 87),
(865, 12, 87),
(866, 1, 88),
(867, 2, 88),
(868, 3, 88),
(869, 4, 88),
(870, 5, 88),
(871, 6, 88),
(872, 7, 88),
(873, 8, 88),
(874, 9, 88),
(875, 10, 88),
(876, 11, 88),
(877, 12, 88),
(878, 1, 89),
(879, 2, 89),
(880, 3, 89),
(881, 4, 89),
(882, 5, 89),
(883, 6, 89),
(884, 7, 89),
(885, 8, 89),
(886, 9, 89),
(887, 10, 89),
(888, 11, 89),
(889, 12, 89),
(890, 1, 90),
(891, 2, 90),
(892, 3, 90),
(893, 4, 90),
(894, 5, 90),
(895, 6, 90),
(896, 7, 90),
(897, 8, 90),
(898, 9, 90),
(899, 10, 90),
(900, 11, 90),
(901, 12, 90),
(902, 1, 91),
(903, 2, 91),
(904, 3, 91),
(905, 4, 91),
(906, 5, 91),
(907, 6, 91),
(908, 7, 91),
(909, 8, 91),
(910, 9, 91),
(911, 10, 91),
(912, 11, 91),
(913, 12, 91),
(914, 1, 92),
(915, 2, 92),
(916, 3, 92),
(917, 4, 92),
(918, 5, 92),
(919, 6, 92),
(920, 7, 92),
(921, 8, 92),
(922, 9, 92),
(923, 10, 92),
(924, 11, 92),
(925, 12, 92),
(926, 1, 93),
(927, 2, 93),
(928, 3, 93),
(929, 4, 93),
(930, 5, 93),
(931, 6, 93),
(932, 7, 93),
(933, 8, 93),
(934, 9, 93),
(935, 10, 93),
(936, 11, 93),
(937, 12, 93),
(938, 1, 94),
(939, 2, 94),
(940, 3, 94),
(941, 4, 94),
(942, 5, 94),
(943, 6, 94),
(944, 7, 94),
(945, 8, 94),
(946, 9, 94),
(947, 10, 94),
(948, 11, 94),
(949, 12, 94),
(950, 1, 95),
(951, 2, 95),
(952, 3, 95),
(953, 4, 95),
(954, 5, 95),
(955, 6, 95),
(956, 7, 95),
(957, 8, 95),
(958, 9, 95),
(959, 10, 95),
(960, 11, 95),
(961, 12, 95),
(962, 1, 96),
(963, 2, 96),
(964, 3, 96),
(965, 4, 96),
(966, 5, 96),
(967, 6, 96),
(968, 7, 96),
(969, 8, 96),
(970, 9, 96),
(971, 10, 96),
(972, 11, 96),
(973, 12, 96),
(974, 1, 97),
(975, 2, 97),
(976, 3, 97),
(977, 4, 97),
(978, 5, 97),
(979, 6, 97),
(980, 7, 97),
(981, 8, 97),
(982, 9, 97),
(983, 10, 97),
(984, 11, 97),
(985, 12, 97),
(986, 1, 98),
(987, 2, 98),
(988, 3, 98),
(989, 4, 98),
(990, 5, 98),
(991, 6, 98),
(992, 7, 98),
(993, 8, 98),
(994, 9, 98),
(995, 10, 98),
(996, 11, 98),
(997, 12, 98),
(998, 1, 99),
(999, 2, 99),
(1000, 3, 99),
(1001, 4, 99),
(1002, 5, 99),
(1003, 6, 99),
(1004, 7, 99),
(1005, 8, 99),
(1006, 9, 99),
(1007, 10, 99),
(1008, 11, 99),
(1009, 12, 99),
(1010, 1, 100),
(1011, 2, 100),
(1012, 3, 100),
(1013, 4, 100),
(1014, 5, 100),
(1015, 6, 100),
(1016, 7, 100),
(1017, 8, 100),
(1018, 9, 100),
(1019, 10, 100),
(1020, 11, 100),
(1021, 12, 100),
(1022, 1, 101),
(1023, 2, 101),
(1024, 3, 101),
(1025, 4, 101),
(1026, 5, 101),
(1027, 6, 101),
(1028, 7, 101),
(1029, 8, 101),
(1030, 9, 101),
(1031, 10, 101),
(1032, 11, 101),
(1033, 12, 101),
(1034, 1, 102),
(1035, 2, 102),
(1036, 3, 102),
(1037, 4, 102),
(1038, 5, 102),
(1039, 6, 102),
(1040, 7, 102),
(1041, 8, 102),
(1042, 9, 102),
(1043, 10, 102),
(1044, 11, 102),
(1045, 12, 102),
(1046, 1, 103),
(1047, 2, 103),
(1048, 3, 103),
(1049, 4, 103),
(1050, 5, 103),
(1051, 6, 103),
(1052, 7, 103),
(1053, 8, 103),
(1054, 9, 103),
(1055, 10, 103),
(1056, 11, 103),
(1057, 12, 103),
(1058, 1, 104),
(1059, 2, 104),
(1060, 3, 104),
(1061, 4, 104),
(1062, 5, 104),
(1063, 6, 104),
(1064, 7, 104),
(1065, 8, 104),
(1066, 9, 104),
(1067, 10, 104),
(1068, 11, 104),
(1069, 12, 104),
(1070, 1, 105),
(1071, 2, 105),
(1072, 3, 105),
(1073, 4, 105),
(1074, 5, 105),
(1075, 6, 105),
(1076, 7, 105),
(1077, 8, 105),
(1078, 9, 105),
(1079, 10, 105),
(1080, 11, 105),
(1081, 12, 105),
(1082, 1, 106),
(1083, 2, 106),
(1084, 3, 106),
(1085, 4, 106),
(1086, 5, 106),
(1087, 6, 106),
(1088, 7, 106),
(1089, 8, 106),
(1090, 9, 106),
(1091, 10, 106),
(1092, 11, 106),
(1093, 12, 106),
(1094, 1, 107),
(1095, 2, 107),
(1096, 3, 107),
(1097, 4, 107),
(1098, 5, 107),
(1099, 6, 107),
(1100, 7, 107),
(1101, 8, 107),
(1102, 9, 107),
(1103, 10, 107),
(1104, 11, 107),
(1105, 12, 107),
(1106, 1, 108),
(1107, 2, 108),
(1108, 3, 108),
(1109, 4, 108),
(1110, 5, 108),
(1111, 6, 108),
(1112, 7, 108),
(1113, 8, 108),
(1114, 9, 108),
(1115, 10, 108),
(1116, 11, 108),
(1117, 12, 108),
(1118, 1, 109),
(1119, 2, 109),
(1120, 3, 109),
(1121, 4, 109),
(1122, 5, 109),
(1123, 6, 109),
(1124, 7, 109),
(1125, 8, 109),
(1126, 9, 109),
(1127, 10, 109),
(1128, 11, 109),
(1129, 12, 109),
(1130, 1, 110),
(1131, 2, 110),
(1132, 3, 110),
(1133, 4, 110),
(1134, 5, 110),
(1135, 6, 110),
(1136, 7, 110),
(1137, 8, 110),
(1138, 9, 110),
(1139, 10, 110),
(1140, 11, 110),
(1141, 12, 110),
(1142, 1, 111),
(1143, 2, 111),
(1144, 3, 111),
(1145, 4, 111),
(1146, 5, 111),
(1147, 6, 111),
(1148, 7, 111),
(1149, 8, 111),
(1150, 9, 111),
(1151, 10, 111),
(1152, 11, 111),
(1153, 12, 111),
(1154, 1, 112),
(1155, 2, 112),
(1156, 3, 112),
(1157, 4, 112),
(1158, 5, 112),
(1159, 6, 112),
(1160, 7, 112),
(1161, 8, 112),
(1162, 9, 112),
(1163, 10, 112),
(1164, 11, 112),
(1165, 12, 112),
(1166, 1, 113),
(1167, 2, 113),
(1168, 3, 113),
(1169, 4, 113),
(1170, 5, 113),
(1171, 6, 113),
(1172, 7, 113),
(1173, 8, 113),
(1174, 9, 113),
(1175, 10, 113),
(1176, 11, 113),
(1177, 12, 113),
(1178, 1, 114),
(1179, 2, 114),
(1180, 3, 114),
(1181, 4, 114),
(1182, 5, 114),
(1183, 6, 114),
(1184, 7, 114),
(1185, 8, 114),
(1186, 9, 114),
(1187, 10, 114),
(1188, 11, 114),
(1189, 12, 114),
(1190, 1, 115),
(1191, 2, 115),
(1192, 3, 115),
(1193, 4, 115),
(1194, 5, 115),
(1195, 6, 115),
(1196, 7, 115),
(1197, 8, 115),
(1198, 9, 115),
(1199, 10, 115),
(1200, 11, 115),
(1201, 12, 115),
(1202, 1, 116),
(1203, 2, 116),
(1204, 3, 116),
(1205, 4, 116),
(1206, 5, 116),
(1207, 6, 116),
(1208, 7, 116),
(1209, 8, 116),
(1210, 9, 116),
(1211, 10, 116),
(1212, 11, 116),
(1213, 12, 116),
(1214, 1, 117),
(1215, 2, 117),
(1216, 3, 117),
(1217, 4, 117),
(1218, 5, 117),
(1219, 6, 117),
(1220, 7, 117),
(1221, 8, 117),
(1222, 9, 117),
(1223, 10, 117),
(1224, 11, 117),
(1225, 12, 117),
(1226, 1, 118),
(1227, 2, 118),
(1228, 3, 118),
(1229, 4, 118),
(1230, 5, 118),
(1231, 6, 118),
(1232, 7, 118),
(1233, 8, 118),
(1234, 9, 118),
(1235, 10, 118),
(1236, 11, 118),
(1237, 12, 118),
(1238, 1, 119),
(1239, 2, 119),
(1240, 3, 119),
(1241, 4, 119),
(1242, 5, 119),
(1243, 6, 119),
(1244, 7, 119),
(1245, 8, 119),
(1246, 9, 119),
(1247, 10, 119),
(1248, 11, 119),
(1249, 12, 119),
(1250, 1, 120),
(1251, 2, 120),
(1252, 3, 120),
(1253, 4, 120),
(1254, 5, 120),
(1255, 6, 120),
(1256, 7, 120),
(1257, 8, 120),
(1258, 9, 120),
(1259, 10, 120),
(1260, 11, 120),
(1261, 12, 120),
(1262, 1, 121),
(1263, 2, 121),
(1264, 3, 121),
(1265, 4, 121),
(1266, 5, 121),
(1267, 6, 121),
(1268, 7, 121),
(1269, 8, 121),
(1270, 9, 121),
(1271, 10, 121),
(1272, 11, 121),
(1273, 12, 121),
(1274, 1, 122),
(1275, 2, 122),
(1276, 3, 122),
(1277, 4, 122),
(1278, 5, 122),
(1279, 6, 122),
(1280, 7, 122),
(1281, 8, 122),
(1282, 9, 122),
(1283, 10, 122),
(1284, 11, 122),
(1285, 12, 122),
(1286, 1, 123),
(1287, 2, 123),
(1288, 3, 123),
(1289, 4, 123),
(1290, 5, 123),
(1291, 6, 123),
(1292, 7, 123),
(1293, 8, 123),
(1294, 9, 123),
(1295, 10, 123),
(1296, 11, 123),
(1297, 12, 123),
(1298, 1, 124),
(1299, 2, 124),
(1300, 3, 124),
(1301, 4, 124),
(1302, 5, 124),
(1303, 6, 124),
(1304, 7, 124),
(1305, 8, 124),
(1306, 9, 124),
(1307, 10, 124),
(1308, 11, 124),
(1309, 12, 124),
(1310, 1, 125),
(1311, 2, 125),
(1312, 3, 125),
(1313, 4, 125),
(1314, 5, 125),
(1315, 6, 125),
(1316, 7, 125),
(1317, 8, 125),
(1318, 9, 125),
(1319, 10, 125),
(1320, 11, 125),
(1321, 12, 125),
(1322, 1, 126),
(1323, 2, 126),
(1324, 3, 126),
(1325, 4, 126),
(1326, 5, 126),
(1327, 6, 126),
(1328, 7, 126),
(1329, 8, 126),
(1330, 9, 126),
(1331, 10, 126),
(1332, 11, 126),
(1333, 12, 126),
(1334, 1, 127),
(1335, 2, 127),
(1336, 3, 127),
(1337, 4, 127),
(1338, 5, 127),
(1339, 6, 127),
(1340, 7, 127),
(1341, 8, 127),
(1342, 9, 127),
(1343, 10, 127),
(1344, 11, 127),
(1345, 12, 127),
(1346, 1, 128),
(1347, 2, 128),
(1348, 3, 128),
(1349, 4, 128),
(1350, 5, 128),
(1351, 6, 128),
(1352, 7, 128),
(1353, 8, 128),
(1354, 9, 128),
(1355, 10, 128),
(1356, 11, 128),
(1357, 12, 128),
(1358, 1, 129),
(1359, 2, 129),
(1360, 3, 129),
(1361, 4, 129),
(1362, 5, 129),
(1363, 6, 129),
(1364, 7, 129),
(1365, 8, 129),
(1366, 9, 129),
(1367, 10, 129),
(1368, 11, 129),
(1369, 12, 129),
(1370, 1, 130),
(1371, 2, 130),
(1372, 3, 130),
(1373, 4, 130),
(1374, 5, 130),
(1375, 6, 130),
(1376, 7, 130),
(1377, 8, 130),
(1378, 9, 130),
(1379, 10, 130),
(1380, 11, 130),
(1381, 12, 130);

-- --------------------------------------------------------

--
-- Table structure for table `marks_dts`
--

CREATE TABLE IF NOT EXISTS `marks_dts` (
  `sno` int(254) NOT NULL AUTO_INCREMENT,
  `aca_key` int(250) NOT NULL,
  `dtno` int(20) NOT NULL,
  `marks` varchar(4) NOT NULL,
  `status` varchar(10) NOT NULL,
  PRIMARY KEY (`sno`)
) ENGINE=InnoDB  DEFAULT CHARSET=utf8 AUTO_INCREMENT=7 ;

--
-- Dumping data for table `marks_dts`
--

INSERT INTO `marks_dts` (`sno`, `aca_key`, `dtno`, `marks`, `status`) VALUES
(1, 1, 1, '', '1'),
(2, 2, 1, '', '1'),
(3, 3, 1, '', '1'),
(4, 4, 1, '', '1'),
(5, 5, 1, '', '1'),
(6, 6, 1, '', '1');

-- --------------------------------------------------------

--
-- Table structure for table `marks_units`
--

CREATE TABLE IF NOT EXISTS `marks_units` (
  `sno` int(254) NOT NULL AUTO_INCREMENT,
  `aca_key` int(250) NOT NULL,
  `test` int(10) NOT NULL,
  `marks` varchar(4) NOT NULL,
  `max_marks` int(20) NOT NULL,
  `status` varchar(10) NOT NULL,
  PRIMARY KEY (`sno`)
) ENGINE=InnoDB  DEFAULT CHARSET=utf8 AUTO_INCREMENT=43 ;

--
-- Dumping data for table `marks_units`
--

INSERT INTO `marks_units` (`sno`, `aca_key`, `test`, `marks`, `max_marks`, `status`) VALUES
(1, 1, 1, '25', 0, '1'),
(2, 1, 2, '', 0, '1'),
(3, 1, 3, '', 0, '1'),
(4, 1, 4, '', 0, '1'),
(5, 1, 6, '', 0, '1'),
(6, 1, 7, '', 0, '1'),
(7, 1, 8, '', 0, '1'),
(8, 2, 1, '24', 0, '1'),
(9, 2, 2, '', 0, '1'),
(10, 2, 3, '', 0, '1'),
(11, 2, 4, '', 0, '1'),
(12, 2, 6, '', 0, '1'),
(13, 2, 7, '', 0, '1'),
(14, 2, 8, '', 0, '1'),
(15, 3, 1, '', 0, '1'),
(16, 3, 2, '', 0, '1'),
(17, 3, 3, '', 0, '1'),
(18, 3, 4, '', 0, '1'),
(19, 3, 6, '', 0, '1'),
(20, 3, 7, '', 0, '1'),
(21, 3, 8, '', 0, '1'),
(22, 4, 1, '', 0, '1'),
(23, 4, 2, '', 0, '1'),
(24, 4, 3, '', 0, '1'),
(25, 4, 4, '', 0, '1'),
(26, 4, 6, '', 0, '1'),
(27, 4, 7, '', 0, '1'),
(28, 4, 8, '', 0, '1'),
(29, 5, 1, '', 0, '1'),
(30, 5, 2, '', 0, '1'),
(31, 5, 3, '', 0, '1'),
(32, 5, 4, '', 0, '1'),
(33, 5, 6, '', 0, '1'),
(34, 5, 7, '', 0, '1'),
(35, 5, 8, '', 0, '1'),
(36, 6, 1, '', 0, '1'),
(37, 6, 2, '', 0, '1'),
(38, 6, 3, '', 0, '1'),
(39, 6, 4, '', 0, '1'),
(40, 6, 6, '', 0, '1'),
(41, 6, 7, '', 0, '1'),
(42, 6, 8, '', 0, '1');

-- --------------------------------------------------------

--
-- Table structure for table `parent`
--

CREATE TABLE IF NOT EXISTS `parent` (
  `id` varchar(15) NOT NULL,
  `fname` varchar(100) NOT NULL,
  `fpic` mediumblob NOT NULL,
  `focu` varchar(50) NOT NULL,
  `fedu` varchar(20) NOT NULL,
  `mname` varchar(100) NOT NULL,
  `mpic` mediumblob NOT NULL,
  `mocu` varchar(50) NOT NULL,
  `medu` varchar(20) NOT NULL,
  `siblings` varchar(200) NOT NULL,
  PRIMARY KEY (`id`)
) ENGINE=InnoDB DEFAULT CHARSET=utf8;

-- --------------------------------------------------------

--
-- Table structure for table `payfee`
--

CREATE TABLE IF NOT EXISTS `payfee` (
  `sno` int(250) NOT NULL AUTO_INCREMENT,
  `current_id` int(200) NOT NULL,
  `dop` date NOT NULL,
  `amount` int(200) NOT NULL,
  PRIMARY KEY (`sno`)
) ENGINE=InnoDB  DEFAULT CHARSET=utf8 AUTO_INCREMENT=3 ;

--
-- Dumping data for table `payfee`
--

INSERT INTO `payfee` (`sno`, `current_id`, `dop`, `amount`) VALUES
(1, 2, '2015-05-30', 1000),
(2, 3, '2015-05-30', 1000);

-- --------------------------------------------------------

--
-- Table structure for table `religion`
--

CREATE TABLE IF NOT EXISTS `religion` (
  `sno` int(20) NOT NULL AUTO_INCREMENT,
  `religion` varchar(50) NOT NULL,
  PRIMARY KEY (`sno`)
) ENGINE=InnoDB  DEFAULT CHARSET=utf8 AUTO_INCREMENT=6 ;

--
-- Dumping data for table `religion`
--

INSERT INTO `religion` (`sno`, `religion`) VALUES
(1, 'Hindu'),
(2, 'Christian'),
(3, 'Muslim'),
(4, 'Jain'),
(5, 'Buddhist');

-- --------------------------------------------------------

--
-- Table structure for table `staff`
--

CREATE TABLE IF NOT EXISTS `staff` (
  `sno` int(200) NOT NULL AUTO_INCREMENT,
  `name` varchar(100) NOT NULL,
  `qualification` varchar(50) NOT NULL,
  `pic` mediumblob NOT NULL,
  PRIMARY KEY (`sno`)
) ENGINE=InnoDB  DEFAULT CHARSET=utf8 AUTO_INCREMENT=3 ;

--
-- Dumping data for table `staff`
--

INSERT INTO `staff` (`sno`, `name`, `qualification`, `pic`) VALUES
(1, 'G Vara Lakshmi', 'BA lit', ''),
(2, 'D Murali Krishna', 'B-Tech', '');

-- --------------------------------------------------------

--
-- Table structure for table `student`
--

CREATE TABLE IF NOT EXISTS `student` (
  `id` varchar(10) NOT NULL,
  `firstname` varchar(100) NOT NULL,
  `lastname` varchar(50) NOT NULL,
  `sex` varchar(6) NOT NULL,
  `dob` date NOT NULL,
  `caste` int(20) NOT NULL,
  `religion` int(20) NOT NULL,
  `doj` date NOT NULL,
  `aadhar` varchar(14) NOT NULL,
  `ration` varchar(14) NOT NULL,
  PRIMARY KEY (`id`)
) ENGINE=InnoDB DEFAULT CHARSET=utf8;

-- --------------------------------------------------------

--
-- Table structure for table `subjects`
--

CREATE TABLE IF NOT EXISTS `subjects` (
  `sno` int(25) NOT NULL AUTO_INCREMENT,
  `name` varchar(100) NOT NULL,
  PRIMARY KEY (`sno`)
) ENGINE=InnoDB  DEFAULT CHARSET=utf8 AUTO_INCREMENT=13 ;

--
-- Dumping data for table `subjects`
--

INSERT INTO `subjects` (`sno`, `name`) VALUES
(1, 'Telugu'),
(2, 'Hindi'),
(3, 'English'),
(4, 'Mathematics'),
(5, 'Science'),
(6, 'Physical Science'),
(7, 'Natural Science'),
(8, 'Social Studies'),
(9, 'General Kowledge'),
(10, 'Computer'),
(11, 'Environmental Studies'),
(12, 'Abacus');

-- --------------------------------------------------------

--
-- Table structure for table `sub_staff`
--

CREATE TABLE IF NOT EXISTS `sub_staff` (
  `sno` int(250) NOT NULL AUTO_INCREMENT,
  `key_sub` int(25) NOT NULL,
  `staff` int(50) NOT NULL,
  `stamp` int(10) NOT NULL,
  PRIMARY KEY (`sno`)
) ENGINE=InnoDB  DEFAULT CHARSET=utf8 AUTO_INCREMENT=4 ;

--
-- Dumping data for table `sub_staff`
--

INSERT INTO `sub_staff` (`sno`, `key_sub`, `staff`, `stamp`) VALUES
(1, 601, 1, 2015),
(2, 606, 2, 2015),
(3, 608, 1, 2015);

-- --------------------------------------------------------

--
-- Table structure for table `test`
--

CREATE TABLE IF NOT EXISTS `test` (
  `sno` int(30) NOT NULL AUTO_INCREMENT,
  `name` varchar(100) NOT NULL,
  `max_marks` int(30) NOT NULL,
  PRIMARY KEY (`sno`)
) ENGINE=InnoDB  DEFAULT CHARSET=utf8 AUTO_INCREMENT=9 ;

--
-- Dumping data for table `test`
--

INSERT INTO `test` (`sno`, `name`, `max_marks`) VALUES
(1, 'UNIT-1', 150),
(2, 'UNIT-2', 150),
(3, 'UNIT-3', 150),
(4, 'UNIT-4', 150),
(6, 'Quaterly', 350),
(7, 'Half-yearly', 350),
(8, 'Annual Exams', 700);

-- --------------------------------------------------------

--
-- Table structure for table `transport`
--

CREATE TABLE IF NOT EXISTS `transport` (
  `sno` int(250) NOT NULL AUTO_INCREMENT,
  `route` varchar(100) NOT NULL,
  `person` varchar(100) NOT NULL,
  `fee` int(100) NOT NULL,
  PRIMARY KEY (`sno`)
) ENGINE=InnoDB  DEFAULT CHARSET=utf8 AUTO_INCREMENT=22 ;

--
-- Dumping data for table `transport`
--

INSERT INTO `transport` (`sno`, `route`, `person`, `fee`) VALUES
(1, 'Pedakallepalli', 'Nagaraju', 4500),
(2, 'Mangalapuram', 'Nagaraju', 0),
(3, 'Ghantasala', 'Nageswara Rao', 0),
(4, 'Kodali', 'Ramana', 0),
(5, 'Lankapalli', 'Ramana', 0),
(6, 'Kosuruvaripalem', 'Srinu', 0),
(7, 'Merakanapalli(Tata Magic)', 'Subrahmanyam', 0),
(8, 'K Kothapalem (Tata Magic)', 'Subrahmanyam', 0),
(9, 'Yarlagadda (Tata Magic)', 'Y Suresh', 0),
(10, 'Srikakulam (Tata Magic)', 'N V S Nagaraju', 0),
(11, 'Mallapalli (Auto)', 'DVR', 0),
(12, 'Ghantasala (Auto)', 'DVR', 0),
(13, 'Ramunipalem (Auto)', 'MVR', 0),
(14, 'Ghantasala (Auto)', 'MVR', 0),
(15, 'MelamarthiLanka (Auto)', 'PSR', 0),
(16, 'Putchgadda (Auto)', 'PSR', 0),
(17, 'Rudhravaram (Auto)', 'Narasimharao', 0),
(18, 'Chintalamada (Auto)', 'Narasimharao', 0),
(19, 'Daliparru (Tata Magic)', 'N v S Nagaraju', 0),
(20, 'Nukalavaripalem (Auto)', 'AVR', 0),
(21, 'KCP (Auto)', 'AVR', 0);

-- --------------------------------------------------------

--
-- Table structure for table `users`
--

CREATE TABLE IF NOT EXISTS `users` (
  `sno` int(100) NOT NULL AUTO_INCREMENT,
  `username` varchar(100) NOT NULL,
  `password` varchar(100) NOT NULL,
  `privacy` varchar(20) NOT NULL,
  PRIMARY KEY (`sno`)
) ENGINE=InnoDB  DEFAULT CHARSET=utf8 AUTO_INCREMENT=3 ;

--
-- Dumping data for table `users`
--

INSERT INTO `users` (`sno`, `username`, `password`, `privacy`) VALUES
(1, 'admin', 'admin', 'admin'),
(2, 'user', 'user', 'user');

-- --------------------------------------------------------

--
-- Table structure for table `vstudent`
--

CREATE TABLE IF NOT EXISTS `vstudent` (
  `sno` int(250) NOT NULL AUTO_INCREMENT,
  `current_id` int(250) NOT NULL,
  `pic` mediumblob NOT NULL,
  `address` varchar(200) NOT NULL,
  `contact` varchar(40) NOT NULL,
  `due` int(100) NOT NULL,
  `transport` varchar(50) NOT NULL,
  PRIMARY KEY (`sno`)
) ENGINE=InnoDB DEFAULT CHARSET=utf8 AUTO_INCREMENT=1 ;

/*!40101 SET CHARACTER_SET_CLIENT=@OLD_CHARACTER_SET_CLIENT */;
/*!40101 SET CHARACTER_SET_RESULTS=@OLD_CHARACTER_SET_RESULTS */;
/*!40101 SET COLLATION_CONNECTION=@OLD_COLLATION_CONNECTION */;
